job_id,pref,city,address,category,branch1,branch2,annual_wage_from,annual_wage_to,monthly_wage,hourly_wage,work_from,term,employment_type,work_style,work_at,for_handicapped,for_beginner,big_offer,can_be_regular,for_youth,for_female,title,is_new,list_image_1,summary,detail_image_1,advisor_comment,attraction,work_time,holiday,wage,insurance,welfare_1,welfare_2,capacity,reason,required_skill,required_experience,company_name,establishment_year,capital_fund,employees_num,be_listed,business_overview,others,requirement_for_regular,detail_image_2,html_memo,deleted_at,synced_at
xxx1,愛媛県_中南予,松山市,ダミー,農林・水産業・六次産業,エンジニア(電気・電子),回路設計/開発,100,200,10,1000,2017/10/20,単発（日単位）,派遣,農林・水産業・六次産業,農林・水産業・六次産業,FALSE,FALSE,FALSE,FALSE,FALSE,FALSE,未経験者歓迎！！詳細はこちら1,TRUE,https://placehold.jp/728x90.png?text=一覧掲載画像,簡単なお仕事,https://placehold.jp/728x90.png?text=詳細掲載画像,テキストが入ります,テキストが入ります,8,土日祝日,テキストが入ります,テキストが入ります,テキストが入ります,テキストが入ります,5,テキストが入ります,PHP実務経験10年,未経験者歓迎,株式会社xxx1,1990,10000,100,テキストが入ります,テキストが入ります,テキストが入ります,テキストが入ります,https://placehold.jp/728x90.png?text=詳細画像2,<p>hoge</p>,,2017/10/20
xxx2,愛媛県_中南予,伊予市,ダミー,製造業(素材、化学、医薬、食品),エンジニア(電気・電子),生産技術,110,210,20,1100,2017/10/21,短期（2ヶ月未満）,紹介予定派遣,製造業(素材、化学、医薬、食品),製造業(素材、化学、医薬、食品),FALSE,FALSE,TRUE,TRUE,TRUE,FALSE,未経験者歓迎！！詳細はこちら2,TRUE,https://placehold.jp/728x91.png?text=一覧掲載画像,簡単なお仕事,https://placehold.jp/728x91.png?text=詳細掲載画像,テキストが入ります,テキストが入ります,8,土日祝日,テキストが入ります,テキストが入ります,テキストが入ります,テキストが入ります,6,テキストが入ります,PHP実務経験10年,未経験者歓迎,株式会社xxx2,1980,20000,12,テキストが入ります,テキストが入ります,テキストが入ります,テキストが入ります,https://placehold.jp/728x90.png?text=詳細画像3,<p>hoge</p>,,2017/10/20
xxx3,愛媛県_中南予,東温市,ダミー,製造業(電気・電子、機械・機器、パルプ、鉄鋼、金属、他),エンジニア(電気・電子),品質管理,120,220,30,1200,2017/10/22,長期（2ヶ月以上）,正社員,製造業(電気・電子、機械・機器、パルプ、鉄鋼、金属、他),製造業(電気・電子、機械・機器、パルプ、鉄鋼、金属、他),TRUE,TRUE,FALSE,FALSE,FALSE,FALSE,未経験者歓迎！！詳細はこちら3,FALSE,https://placehold.jp/728x92.png?text=一覧掲載画像,簡単なお仕事,https://placehold.jp/728x92.png?text=詳細掲載画像,テキストが入ります,テキストが入ります,8,土日祝日,テキストが入ります,テキストが入ります,テキストが入ります,テキストが入ります,7,テキストが入ります,PHP実務経験10年,未経験者歓迎,株式会社xxx3,1800,300,12,テキストが入ります,テキストが入ります,テキストが入ります,テキストが入ります,https://placehold.jp/728x90.png?text=詳細画像4,<p>hoge</p>,,2017/10/20
xxx4,愛媛県_中南予,久万高原町,ダミー,運輸、エネルギー,エンジニア(機械・機器),機械設計/開発,130,230,40,1300,2017/10/23,単発（日単位）,契約社員,運輸、エネルギー,運輸、エネルギー,FALSE,FALSE,TRUE,TRUE,TRUE,TRUE,未経験者歓迎！！詳細はこちら4,TRUE,https://placehold.jp/728x93.png?text=一覧掲載画像,簡単なお仕事,https://placehold.jp/728x93.png?text=詳細掲載画像,テキストが入ります,テキストが入ります,8,土日祝日,テキストが入ります,テキストが入ります,テキストが入ります,テキストが入ります,8,テキストが入ります,PHP実務経験10年,未経験者歓迎,株式会社xxx4,1700,400,34,テキストが入ります,テキストが入ります,テキストが入ります,テキストが入ります,https://placehold.jp/728x90.png?text=詳細画像5,<p>hoge</p>,,2017/10/20
xxx5,愛媛県_中南予,松前町,ダミー,流通業,エンジニア(機械・機器),生産技術,140,240,50,1000,2017/10/24,短期（2ヶ月未満）,嘱託社員,流通業,流通業,TRUE,TRUE,TRUE,TRUE,TRUE,FALSE,未経験者歓迎！！詳細はこちら5,FALSE,https://placehold.jp/728x94.png?text=一覧掲載画像,簡単なお仕事,https://placehold.jp/728x94.png?text=詳細掲載画像,テキストが入ります,テキストが入ります,8,土日祝日,テキストが入ります,テキストが入ります,テキストが入ります,テキストが入ります,9,テキストが入ります,PHP実務経験10年,未経験者歓迎,株式会社xxx5,1921,10,54,テキストが入ります,テキストが入ります,テキストが入ります,テキストが入ります,https://placehold.jp/728x90.png?text=詳細画像6,<p>hoge</p>,2017/10/20,2017/10/20
xxx6,愛媛県_中南予,砥部町,ダミー,金融業,エンジニア(機械・機器),品質管理,150,250,60,1100,2017/10/25,長期（2ヶ月以上）,請負・委託,金融業,金融業,FALSE,FALSE,TRUE,TRUE,TRUE,TRUE,未経験者歓迎！！詳細はこちら6,FALSE,https://placehold.jp/728x95.png?text=一覧掲載画像,簡単なお仕事,https://placehold.jp/728x95.png?text=詳細掲載画像,テキストが入ります,テキストが入ります,8,土日祝日,テキストが入ります,テキストが入ります,テキストが入ります,テキストが入ります,10,テキストが入ります,PHP実務経験10年,未経験者歓迎,株式会社xxx6,1967,10000,6,テキストが入ります,テキストが入ります,テキストが入ります,テキストが入ります,https://placehold.jp/728x90.png?text=詳細画像7,<p>hoge</p>,,2017/10/20
xxx7,愛媛県_中南予,宇和島市,ダミー,医療・福祉,エンジニア(建築・土木・プラント・設備),設計/デザイン,160,260,70,1200,2017/10/26,単発（日単位）,パート・アルバイト,医療・福祉,医療・福祉,FALSE,FALSE,FALSE,FALSE,FALSE,FALSE,未経験者歓迎！！詳細はこちら7,FALSE,https://placehold.jp/728x96.png?text=一覧掲載画像,簡単なお仕事,https://placehold.jp/728x96.png?text=詳細掲載画像,テキストが入ります,テキストが入ります,8,土日祝日,テキストが入ります,テキストが入ります,テキストが入ります,テキストが入ります,5,テキストが入ります,PHP実務経験10年,未経験者歓迎,株式会社xxx7,1990,20000,2,テキストが入ります,テキストが入ります,テキストが入ります,テキストが入ります,https://placehold.jp/728x90.png?text=詳細画像8,<p>hoge</p>,,2017/10/20
xxx8,愛媛県_中南予,八幡浜市,ダミー,建設・不動産業,エンジニア(建築・土木・プラント・設備),技術開発/部材開発,170,270,80,1300,2017/10/27,短期（2ヶ月未満）,派遣,建設・不動産業,建設・不動産業,TRUE,TRUE,FALSE,FALSE,FALSE,FALSE,未経験者歓迎！！詳細はこちら8,FALSE,https://placehold.jp/728x97.png?text=一覧掲載画像,簡単なお仕事,https://placehold.jp/728x97.png?text=詳細掲載画像,テキストが入ります,テキストが入ります,8,土日祝日,テキストが入ります,テキストが入ります,テキストが入ります,テキストが入ります,6,テキストが入ります,PHP実務経験10年,未経験者歓迎,株式会社xxx8,1980,300,1,テキストが入ります,テキストが入ります,テキストが入ります,テキストが入ります,https://placehold.jp/728x90.png?text=詳細画像9,<p>hoge</p>,,2017/10/20
xxx9,愛媛県_中南予,大洲市,ダミー,IT・通信業,エンジニア(建築・土木・プラント・設備),施工管理,180,280,90,1000,2017/10/28,長期（2ヶ月以上）,紹介予定派遣,IT・通信業,IT・通信業,TRUE,TRUE,TRUE,TRUE,TRUE,FALSE,未経験者歓迎！！詳細はこちら9,TRUE,https://placehold.jp/728x98.png?text=一覧掲載画像,簡単なお仕事,https://placehold.jp/728x98.png?text=詳細掲載画像,テキストが入ります,テキストが入ります,8,土日祝日,テキストが入ります,テキストが入ります,テキストが入ります,テキストが入ります,7,テキストが入ります,PHP実務経験10年,未経験者歓迎,株式会社xxx9,1800,400,23,テキストが入ります,テキストが入ります,テキストが入ります,テキストが入ります,https://placehold.jp/728x90.png?text=詳細画像10,<p>hoge</p>,,2017/10/20
xxx10,愛媛県_中南予,西予市,ダミー,サービス業,エンジニア(建築・土木・プラント・設備),現場監督,190,290,100,1100,2017/10/29,単発（日単位）,正社員,サービス業,サービス業,FALSE,FALSE,FALSE,FALSE,FALSE,TRUE,未経験者歓迎！！詳細はこちら10,TRUE,https://placehold.jp/728x99.png?text=一覧掲載画像,簡単なお仕事,https://placehold.jp/728x99.png?text=詳細掲載画像,テキストが入ります,テキストが入ります,8,土日祝日,テキストが入ります,テキストが入ります,テキストが入ります,テキストが入ります,8,テキストが入ります,PHP実務経験10年,未経験者歓迎,株式会社xxx10,1700,10,65,テキストが入ります,テキストが入ります,テキストが入ります,テキストが入ります,https://placehold.jp/728x90.png?text=詳細画像11,<p>hoge</p>,,2017/10/20
xxx11,愛媛県_中南予,内子町,ダミー,官公庁・財)・社)・公団・学校法人,エンジニア(建築・土木・プラント・設備),設備保守,200,300,110,1200,2017/10/30,短期（2ヶ月未満）,契約社員,官公庁・財)・社)・公団・学校法人,官公庁・財)・社)・公団・学校法人,FALSE,FALSE,TRUE,TRUE,TRUE,FALSE,未経験者歓迎！！詳細はこちら11,FALSE,https://placehold.jp/728x100.png?text=一覧掲載画像,簡単なお仕事,https://placehold.jp/728x100.png?text=詳細掲載画像,テキストが入ります,テキストが入ります,8,土日祝日,テキストが入ります,テキストが入ります,テキストが入ります,テキストが入ります,9,テキストが入ります,PHP実務経験10年,未経験者歓迎,株式会社xxx11,1921,10000,78,テキストが入ります,テキストが入ります,テキストが入ります,テキストが入ります,https://placehold.jp/728x90.png?text=詳細画像12,<p>hoge</p>,,2017/10/20
xxx12,愛媛県_中南予,伊方町,ダミー,農林・水産業・六次産業,エンジニア(素材・化学・医薬・食品),臨床開発,210,310,120,1300,2017/10/31,長期（2ヶ月以上）,嘱託社員,農林・水産業・六次産業,農林・水産業・六次産業,TRUE,TRUE,FALSE,FALSE,FALSE,TRUE,未経験者歓迎！！詳細はこちら12,TRUE,https://placehold.jp/728x101.png?text=一覧掲載画像,簡単なお仕事,https://placehold.jp/728x101.png?text=詳細掲載画像,テキストが入ります,テキストが入ります,8,土日祝日,テキストが入ります,テキストが入ります,テキストが入ります,テキストが入ります,10,テキストが入ります,PHP実務経験10年,未経験者歓迎,株式会社xxx12,1967,20000,242,テキストが入ります,テキストが入ります,テキストが入ります,テキストが入ります,https://placehold.jp/728x90.png?text=詳細画像13,<p>hoge</p>,,2017/10/20
xxx13,愛媛県_中南予,松野町,ダミー,製造業(素材、化学、医薬、食品),エンジニア(素材・化学・医薬・食品),研究/開発,220,320,130,1000,2017/11/1,単発（日単位）,請負・委託,製造業(素材、化学、医薬、食品),製造業(素材、化学、医薬、食品),FALSE,FALSE,FALSE,TRUE,TRUE,FALSE,未経験者歓迎！！詳細はこちら13,FALSE,https://placehold.jp/728x102.png?text=一覧掲載画像,簡単なお仕事,https://placehold.jp/728x102.png?text=詳細掲載画像,テキストが入ります,テキストが入ります,8,土日祝日,テキストが入ります,テキストが入ります,テキストが入ります,テキストが入ります,5,テキストが入ります,PHP実務経験10年,未経験者歓迎,株式会社xxx13,1990,300,56,テキストが入ります,テキストが入ります,テキストが入ります,テキストが入ります,https://placehold.jp/728x90.png?text=詳細画像14,<p>hoge</p>,,2017/10/20
xxx14,愛媛県_中南予,鬼北町,ダミー,製造業(電気・電子、機械・機器、パルプ、鉄鋼、金属、他),エンジニア(素材・化学・医薬・食品),品質管理,220,330,140,1100,2017/11/2,短期（3ヶ月未満）,パート・アルバイト,製造業(電気・電子、機械・機器、パルプ、鉄鋼、金属、他),製造業(電気・電子、機械・機器、パルプ、鉄鋼、金属、他),FALSE,FALSE,TRUE,FALSE,FALSE,FALSE,未経験者歓迎！！詳細はこちら14,FALSE,https://placehold.jp/728x103.png?text=一覧掲載画像,簡単なお仕事,https://placehold.jp/728x103.png?text=詳細掲載画像,テキストが入ります,テキストが入ります,8,土日祝日,テキストが入ります,テキストが入ります,テキストが入ります,テキストが入ります,6,テキストが入ります,PHP実務経験10年,未経験者歓迎,株式会社xxx14,1980,400,2333,テキストが入ります,テキストが入ります,テキストが入ります,テキストが入ります,https://placehold.jp/728x90.png?text=詳細画像15,<p>hoge</p>,,2017/10/20
xxx15,愛媛県_中南予,愛南町,ダミー,運輸、エネルギー,エンジニア(素材・化学・医薬・食品),分析/評価,240,340,150,1200,2017/11/3,長期（3ヶ月以上）,派遣,運輸、エネルギー,運輸、エネルギー,TRUE,FALSE,FALSE,TRUE,TRUE,FALSE,未経験者歓迎！！詳細はこちら15,FALSE,https://placehold.jp/728x104.png?text=一覧掲載画像,簡単なお仕事,https://placehold.jp/728x104.png?text=詳細掲載画像,テキストが入ります,テキストが入ります,8,土日祝日,テキストが入ります,テキストが入ります,テキストが入ります,テキストが入ります,7,テキストが入ります,PHP実務経験10年,未経験者歓迎,株式会社xxx15,1800,10,65,テキストが入ります,テキストが入ります,テキストが入ります,テキストが入ります,https://placehold.jp/728x90.png?text=詳細画像16,<p>hoge</p>,,2017/10/20
xxx16,愛媛県_東予,今治市,ダミー,流通業,エンジニア(IT/通信),ITコンサルタント,250,350,160,1300,2017/11/4,単発（日単位）,紹介予定派遣,流通業,流通業,FALSE,TRUE,TRUE,FALSE,FALSE,TRUE,未経験者歓迎！！詳細はこちら16,FALSE,https://placehold.jp/728x105.png?text=一覧掲載画像,簡単なお仕事,https://placehold.jp/728x105.png?text=詳細掲載画像,テキストが入ります,テキストが入ります,8,土日祝日,テキストが入ります,テキストが入ります,テキストが入ります,テキストが入ります,8,テキストが入ります,PHP実務経験10年,未経験者歓迎,株式会社xxx16,1700,10000,65,テキストが入ります,テキストが入ります,テキストが入ります,テキストが入ります,https://placehold.jp/728x90.png?text=詳細画像17,<p>hoge</p>,2017/10/20,2017/10/20
xxx17,愛媛県_東予,新居浜市,ダミー,金融業,エンジニア(IT/通信),SE,260,360,170,1000,2017/11/5,短期（3ヶ月未満）,正社員,金融業,金融業,TRUE,FALSE,TRUE,TRUE,FALSE,FALSE,未経験者歓迎！！詳細はこちら17,TRUE,https://placehold.jp/728x106.png?text=一覧掲載画像,簡単なお仕事,https://placehold.jp/728x106.png?text=詳細掲載画像,テキストが入ります,テキストが入ります,8,土日祝日,テキストが入ります,テキストが入ります,テキストが入ります,テキストが入ります,9,テキストが入ります,PHP実務経験10年,未経験者歓迎,株式会社xxx17,1921,20000,100,テキストが入ります,テキストが入ります,テキストが入ります,テキストが入ります,https://placehold.jp/728x90.png?text=詳細画像18,<p>hoge</p>,,2017/10/20
xxx18,愛媛県_東予,西条市,ダミー,医療・福祉,エンジニア(IT/通信),アプリケーション開発,270,370,180,1100,2017/11/6,長期（3ヶ月以上）,契約社員,医療・福祉,医療・福祉,FALSE,TRUE,TRUE,FALSE,TRUE,TRUE,未経験者歓迎！！詳細はこちら18,TRUE,https://placehold.jp/728x107.png?text=一覧掲載画像,簡単なお仕事,https://placehold.jp/728x107.png?text=詳細掲載画像,テキストが入ります,テキストが入ります,8,土日祝日,テキストが入ります,テキストが入ります,テキストが入ります,テキストが入ります,10,テキストが入ります,PHP実務経験10年,未経験者歓迎,株式会社xxx18,1967,300,12,テキストが入ります,テキストが入ります,テキストが入ります,テキストが入ります,https://placehold.jp/728x90.png?text=詳細画像19,<p>hoge</p>,,2017/10/20
xxx19,愛媛県_東予,四国中央市,ダミー,建設・不動産業,クリエイティブ・クリエイター,Web/モバイル,280,380,190,1200,2017/11/7,単発（日単位）,嘱託社員,建設・不動産業,建設・不動産業,FALSE,FALSE,FALSE,FALSE,FALSE,FALSE,未経験者歓迎！！詳細はこちら19,FALSE,https://placehold.jp/728x108.png?text=一覧掲載画像,簡単なお仕事,https://placehold.jp/728x108.png?text=詳細掲載画像,テキストが入ります,テキストが入ります,8,土日祝日,テキストが入ります,テキストが入ります,テキストが入ります,テキストが入ります,5,テキストが入ります,PHP実務経験10年,未経験者歓迎,株式会社xxx19,1990,400,12,テキストが入ります,テキストが入ります,テキストが入ります,テキストが入ります,https://placehold.jp/728x90.png?text=詳細画像20,<p>hoge</p>,,2017/10/20
xxx20,愛媛県_東予,上島町,ダミー,IT・通信業,クリエイティブ・クリエイター,編集,290,390,200,1300,2017/11/8,短期（3ヶ月未満）,請負・委託,IT・通信業,IT・通信業,TRUE,FALSE,FALSE,TRUE,TRUE,FALSE,未経験者歓迎！！詳細はこちら20,TRUE,https://placehold.jp/728x109.png?text=一覧掲載画像,簡単なお仕事,https://placehold.jp/728x109.png?text=詳細掲載画像,テキストが入ります,テキストが入ります,8,土日祝日,テキストが入ります,テキストが入ります,テキストが入ります,テキストが入ります,6,テキストが入ります,PHP実務経験10年,未経験者歓迎,株式会社xxx20,1980,10,34,テキストが入ります,テキストが入ります,テキストが入ります,テキストが入ります,https://placehold.jp/728x90.png?text=詳細画像21,<p>hoge</p>,,2017/10/20
xxx21,香川県,高松市,ダミー,サービス業,クリエイティブ・クリエイター,印刷,300,400,210,1000,2017/11/9,長期（3ヶ月以上）,パート・アルバイト,サービス業,サービス業,TRUE,TRUE,TRUE,FALSE,TRUE,FALSE,未経験者歓迎！！詳細はこちら21,FALSE,https://placehold.jp/728x90.png?text=一覧掲載画像,簡単なお仕事,https://placehold.jp/728x90.png?text=詳細掲載画像,テキストが入ります,テキストが入ります,8,土日祝日,テキストが入ります,テキストが入ります,テキストが入ります,テキストが入ります,7,テキストが入ります,PHP実務経験10年,未経験者歓迎,株式会社xxx21,1800,10000,54,テキストが入ります,テキストが入ります,テキストが入ります,テキストが入ります,https://placehold.jp/728x90.png?text=詳細画像22,<p>hoge</p>,,2017/10/20
xxx22,香川県,三木町,ダミー,官公庁・財)・社)・公団・学校法人,クリエイティブ・クリエイター,映像,310,410,220,1100,2017/11/10,単発（日単位）,派遣,官公庁・財)・社)・公団・学校法人,官公庁・財)・社)・公団・学校法人,FALSE,TRUE,FALSE,TRUE,TRUE,TRUE,未経験者歓迎！！詳細はこちら22,FALSE,https://placehold.jp/728x91.png?text=一覧掲載画像,簡単なお仕事,https://placehold.jp/728x91.png?text=詳細掲載画像,テキストが入ります,テキストが入ります,8,土日祝日,テキストが入ります,テキストが入ります,テキストが入ります,テキストが入ります,8,テキストが入ります,PHP実務経験10年,未経験者歓迎,株式会社xxx22,1700,20000,6,テキストが入ります,テキストが入ります,テキストが入ります,テキストが入ります,https://placehold.jp/728x90.png?text=詳細画像23,<p>hoge</p>,,2017/10/20
xxx23,香川県,さぬき市,ダミー,農林・水産業・六次産業,企画・管理職,経理/財務,320,420,230,1200,2017/11/11,短期（3ヶ月未満）,紹介予定派遣,農林・水産業・六次産業,農林・水産業・六次産業,FALSE,FALSE,TRUE,FALSE,FALSE,FALSE,未経験者歓迎！！詳細はこちら23,FALSE,https://placehold.jp/728x92.png?text=一覧掲載画像,簡単なお仕事,https://placehold.jp/728x92.png?text=詳細掲載画像,テキストが入ります,テキストが入ります,8,土日祝日,テキストが入ります,テキストが入ります,テキストが入ります,テキストが入ります,9,テキストが入ります,PHP実務経験10年,未経験者歓迎,株式会社xxx23,1921,300,2,テキストが入ります,テキストが入ります,テキストが入ります,テキストが入ります,https://placehold.jp/728x90.png?text=詳細画像24,<p>hoge</p>,,2017/10/20
xxx24,香川県,東かがわ市,ダミー,製造業(素材、化学、医薬、食品),企画・管理職,総務/人事/法務,330,430,240,1300,2017/11/12,長期（3ヶ月以上）,正社員,製造業(素材、化学、医薬、食品),製造業(素材、化学、医薬、食品),TRUE,FALSE,FALSE,FALSE,FALSE,TRUE,未経験者歓迎！！詳細はこちら24,FALSE,https://placehold.jp/728x93.png?text=一覧掲載画像,簡単なお仕事,https://placehold.jp/728x93.png?text=詳細掲載画像,テキストが入ります,テキストが入ります,8,土日祝日,テキストが入ります,テキストが入ります,テキストが入ります,テキストが入ります,10,テキストが入ります,PHP実務経験10年,未経験者歓迎,株式会社xxx24,1967,400,1,テキストが入ります,テキストが入ります,テキストが入ります,テキストが入ります,https://placehold.jp/728x90.png?text=詳細画像25,<p>hoge</p>,,2017/10/20
xxx25,香川県,丸亀市,ダミー,製造業(電気・電子、機械・機器、パルプ、鉄鋼、金属、他),企画・管理職,マーケティング,340,440,250,1000,2017/11/13,単発（日単位）,契約社員,製造業(電気・電子、機械・機器、パルプ、鉄鋼、金属、他),製造業(電気・電子、機械・機器、パルプ、鉄鋼、金属、他),FALSE,TRUE,FALSE,TRUE,TRUE,FALSE,未経験者歓迎！！詳細はこちら25,TRUE,https://placehold.jp/728x94.png?text=一覧掲載画像,簡単なお仕事,https://placehold.jp/728x94.png?text=詳細掲載画像,テキストが入ります,テキストが入ります,8,土日祝日,テキストが入ります,テキストが入ります,テキストが入ります,テキストが入ります,5,テキストが入ります,PHP実務経験10年,未経験者歓迎,株式会社xxx25,1990,10,23,テキストが入ります,テキストが入ります,テキストが入ります,テキストが入ります,https://placehold.jp/728x90.png?text=詳細画像26,<p>hoge</p>,,2017/10/20
xxx26,香川県,坂出市,ダミー,運輸、エネルギー,企画・管理職,購買,350,450,260,1100,2017/11/14,短期（4ヶ月未満）,嘱託社員,運輸、エネルギー,運輸、エネルギー,FALSE,FALSE,TRUE,FALSE,FALSE,FALSE,未経験者歓迎！！詳細はこちら26,TRUE,https://placehold.jp/728x95.png?text=一覧掲載画像,簡単なお仕事,https://placehold.jp/728x95.png?text=詳細掲載画像,テキストが入ります,テキストが入ります,8,土日祝日,テキストが入ります,テキストが入ります,テキストが入ります,テキストが入ります,6,テキストが入ります,PHP実務経験10年,未経験者歓迎,株式会社xxx26,1980,10000,65,テキストが入ります,テキストが入ります,テキストが入ります,テキストが入ります,https://placehold.jp/728x90.png?text=詳細画像27,<p>hoge</p>,,2017/10/20
xxx27,香川県,善通寺市,ダミー,流通業,企画・管理職,物流,360,460,270,1200,2017/11/15,長期（4ヶ月以上）,請負・委託,流通業,流通業,TRUE,FALSE,FALSE,TRUE,TRUE,FALSE,未経験者歓迎！！詳細はこちら27,FALSE,https://placehold.jp/728x96.png?text=一覧掲載画像,簡単なお仕事,https://placehold.jp/728x96.png?text=詳細掲載画像,テキストが入ります,テキストが入ります,8,土日祝日,テキストが入ります,テキストが入ります,テキストが入ります,テキストが入ります,7,テキストが入ります,PHP実務経験10年,未経験者歓迎,株式会社xxx27,1800,20000,78,テキストが入ります,テキストが入ります,テキストが入ります,テキストが入ります,https://placehold.jp/728x90.png?text=詳細画像28,<p>hoge</p>,,2017/10/20
xxx28,香川県,観音寺市,ダミー,金融業,事務専門職,一般事務,370,470,280,1300,2017/11/16,単発（日単位）,パート・アルバイト,金融業,金融業,FALSE,FALSE,TRUE,FALSE,FALSE,TRUE,未経験者歓迎！！詳細はこちら28,TRUE,https://placehold.jp/728x97.png?text=一覧掲載画像,簡単なお仕事,https://placehold.jp/728x97.png?text=詳細掲載画像,テキストが入ります,テキストが入ります,8,土日祝日,テキストが入ります,テキストが入ります,テキストが入ります,テキストが入ります,8,テキストが入ります,PHP実務経験10年,未経験者歓迎,株式会社xxx28,1700,300,242,テキストが入ります,テキストが入ります,テキストが入ります,テキストが入ります,https://placehold.jp/728x90.png?text=詳細画像29,<p>hoge</p>,,2017/10/20
xxx29,香川県,三豊市,ダミー,医療・福祉,事務専門職,営業事務,380,480,290,1000,2017/10/20,短期（4ヶ月未満）,派遣,医療・福祉,医療・福祉,TRUE,TRUE,TRUE,FALSE,TRUE,FALSE,未経験者歓迎！！詳細はこちら29,FALSE,https://placehold.jp/728x98.png?text=一覧掲載画像,簡単なお仕事,https://placehold.jp/728x98.png?text=詳細掲載画像,テキストが入ります,テキストが入ります,8,土日祝日,テキストが入ります,テキストが入ります,テキストが入ります,テキストが入ります,9,テキストが入ります,PHP実務経験10年,未経験者歓迎,株式会社xxx29,1921,400,56,テキストが入ります,テキストが入ります,テキストが入ります,テキストが入ります,https://placehold.jp/728x90.png?text=詳細画像30,<p>hoge</p>,2017/10/20,2017/10/20
xxx30,香川県,土庄町,ダミー,建設・不動産業,事務専門職,総務事務,390,490,300,1100,2017/10/21,長期（4ヶ月以上）,紹介予定派遣,建設・不動産業,建設・不動産業,FALSE,FALSE,TRUE,TRUE,FALSE,TRUE,未経験者歓迎！！詳細はこちら30,FALSE,https://placehold.jp/728x99.png?text=一覧掲載画像,簡単なお仕事,https://placehold.jp/728x99.png?text=詳細掲載画像,テキストが入ります,テキストが入ります,8,土日祝日,テキストが入ります,テキストが入ります,テキストが入ります,テキストが入ります,10,テキストが入ります,PHP実務経験10年,未経験者歓迎,株式会社xxx30,1967,10,2333,テキストが入ります,テキストが入ります,テキストが入ります,テキストが入ります,https://placehold.jp/728x90.png?text=詳細画像31,<p>hoge</p>,,2017/10/20
xxx31,香川県,小豆島町,ダミー,IT・通信業,事務専門職,経理事務,400,500,310,1200,2017/10/22,単発（日単位）,正社員,IT・通信業,IT・通信業,FALSE,TRUE,FALSE,FALSE,TRUE,FALSE,未経験者歓迎！！詳細はこちら31,FALSE,https://placehold.jp/728x100.png?text=一覧掲載画像,簡単なお仕事,https://placehold.jp/728x100.png?text=詳細掲載画像,テキストが入ります,テキストが入ります,8,土日祝日,テキストが入ります,テキストが入ります,テキストが入ります,テキストが入ります,5,テキストが入ります,PHP実務経験10年,未経験者歓迎,株式会社xxx31,1990,10000,65,テキストが入ります,テキストが入ります,テキストが入ります,テキストが入ります,https://placehold.jp/728x90.png?text=詳細画像32,<p>hoge</p>,,2017/10/20
xxx32,香川県,直島町,ダミー,サービス業,事務専門職,貿易事務,410,510,320,1300,2017/10/23,短期（4ヶ月未満）,契約社員,サービス業,サービス業,TRUE,FALSE,FALSE,TRUE,FALSE,FALSE,未経験者歓迎！！詳細はこちら32,FALSE,https://placehold.jp/728x101.png?text=一覧掲載画像,簡単なお仕事,https://placehold.jp/728x101.png?text=詳細掲載画像,テキストが入ります,テキストが入ります,8,土日祝日,テキストが入ります,テキストが入ります,テキストが入ります,テキストが入ります,6,テキストが入ります,PHP実務経験10年,未経験者歓迎,株式会社xxx32,1980,20000,65,テキストが入ります,テキストが入ります,テキストが入ります,テキストが入ります,https://placehold.jp/728x90.png?text=詳細画像33,<p>hoge</p>,,2017/10/20
xxx33,香川県,宇多津町,ダミー,官公庁・財)・社)・公団・学校法人,事務専門職,金融事務,420,520,330,1000,2017/10/24,長期（4ヶ月以上）,嘱託社員,官公庁・財)・社)・公団・学校法人,官公庁・財)・社)・公団・学校法人,TRUE,FALSE,TRUE,FALSE,FALSE,FALSE,未経験者歓迎！！詳細はこちら33,TRUE,https://placehold.jp/728x102.png?text=一覧掲載画像,簡単なお仕事,https://placehold.jp/728x102.png?text=詳細掲載画像,テキストが入ります,テキストが入ります,8,土日祝日,テキストが入ります,テキストが入ります,テキストが入ります,テキストが入ります,7,テキストが入ります,PHP実務経験10年,未経験者歓迎,株式会社xxx33,1800,300,100,テキストが入ります,テキストが入ります,テキストが入ります,テキストが入ります,https://placehold.jp/728x90.png?text=詳細画像34,<p>hoge</p>,,2017/10/20
xxx34,香川県,綾川町,ダミー,農林・水産業・六次産業,事務専門職,秘書,430,530,340,1100,2017/10/25,単発（日単位）,請負・委託,農林・水産業・六次産業,農林・水産業・六次産業,FALSE,TRUE,FALSE,FALSE,TRUE,TRUE,未経験者歓迎！！詳細はこちら34,TRUE,https://placehold.jp/728x103.png?text=一覧掲載画像,簡単なお仕事,https://placehold.jp/728x103.png?text=詳細掲載画像,テキストが入ります,テキストが入ります,8,土日祝日,テキストが入ります,テキストが入ります,テキストが入ります,テキストが入ります,8,テキストが入ります,PHP実務経験10年,未経験者歓迎,株式会社xxx34,1700,400,12,テキストが入ります,テキストが入ります,テキストが入ります,テキストが入ります,https://placehold.jp/728x90.png?text=詳細画像35,<p>hoge</p>,,2017/10/20
xxx35,香川県,琴平町,ダミー,製造業(素材、化学、医薬、食品),事務専門職,受付,440,540,350,1200,2017/10/26,短期（4ヶ月未満）,パート・アルバイト,製造業(素材、化学、医薬、食品),製造業(素材、化学、医薬、食品),FALSE,TRUE,TRUE,TRUE,FALSE,FALSE,未経験者歓迎！！詳細はこちら35,FALSE,https://placehold.jp/728x104.png?text=一覧掲載画像,簡単なお仕事,https://placehold.jp/728x104.png?text=詳細掲載画像,テキストが入ります,テキストが入ります,8,土日祝日,テキストが入ります,テキストが入ります,テキストが入ります,テキストが入ります,9,テキストが入ります,PHP実務経験10年,未経験者歓迎,株式会社xxx35,1921,10,12,テキストが入ります,テキストが入ります,テキストが入ります,テキストが入ります,https://placehold.jp/728x90.png?text=詳細画像36,<p>hoge</p>,,2017/10/20
xxx36,香川県,多度津町,ダミー,製造業(電気・電子、機械・機器、パルプ、鉄鋼、金属、他),事務専門職,通訳/翻訳,450,550,360,1300,2017/10/27,長期（4ヶ月以上）,派遣,製造業(電気・電子、機械・機器、パルプ、鉄鋼、金属、他),製造業(電気・電子、機械・機器、パルプ、鉄鋼、金属、他),TRUE,FALSE,FALSE,FALSE,TRUE,TRUE,未経験者歓迎！！詳細はこちら36,TRUE,https://placehold.jp/728x105.png?text=一覧掲載画像,簡単なお仕事,https://placehold.jp/728x105.png?text=詳細掲載画像,テキストが入ります,テキストが入ります,8,土日祝日,テキストが入ります,テキストが入ります,テキストが入ります,テキストが入ります,10,テキストが入ります,PHP実務経験10年,未経験者歓迎,株式会社xxx36,1967,10000,34,テキストが入ります,テキストが入ります,テキストが入ります,テキストが入ります,https://placehold.jp/728x90.png?text=詳細画像37,<p>hoge</p>,,2017/10/20
xxx37,香川県,まんのう町,ダミー,運輸、エネルギー,営業職,法人,460,560,370,1000,2017/10/28,単発（日単位）,紹介予定派遣,運輸、エネルギー,運輸、エネルギー,FALSE,FALSE,FALSE,TRUE,TRUE,FALSE,未経験者歓迎！！詳細はこちら37,FALSE,https://placehold.jp/728x106.png?text=一覧掲載画像,簡単なお仕事,https://placehold.jp/728x106.png?text=詳細掲載画像,テキストが入ります,テキストが入ります,8,土日祝日,テキストが入ります,テキストが入ります,テキストが入ります,テキストが入ります,5,テキストが入ります,PHP実務経験10年,未経験者歓迎,株式会社xxx37,1990,20000,54,テキストが入ります,テキストが入ります,テキストが入ります,テキストが入ります,https://placehold.jp/728x90.png?text=詳細画像38,<p>hoge</p>,,2017/10/20
xxx38,高知県,高知市,ダミー,流通業,営業職,個人,470,570,380,1100,2017/10/29,短期（5ヶ月未満）,正社員,流通業,流通業,FALSE,TRUE,TRUE,FALSE,TRUE,FALSE,未経験者歓迎！！詳細はこちら38,FALSE,https://placehold.jp/728x107.png?text=一覧掲載画像,簡単なお仕事,https://placehold.jp/728x107.png?text=詳細掲載画像,テキストが入ります,テキストが入ります,8,土日祝日,テキストが入ります,テキストが入ります,テキストが入ります,テキストが入ります,6,テキストが入ります,PHP実務経験10年,未経験者歓迎,株式会社xxx38,1980,300,6,テキストが入ります,テキストが入ります,テキストが入ります,テキストが入ります,https://placehold.jp/728x90.png?text=詳細画像39,<p>hoge</p>,,2017/10/20
xxx39,高知県,土佐市,ダミー,金融業,コンサルタント職,コンサルタント,480,580,390,1200,2017/10/30,長期（5ヶ月以上）,契約社員,金融業,金融業,TRUE,FALSE,FALSE,FALSE,FALSE,FALSE,未経験者歓迎！！詳細はこちら39,FALSE,https://placehold.jp/728x108.png?text=一覧掲載画像,簡単なお仕事,https://placehold.jp/728x108.png?text=詳細掲載画像,テキストが入ります,テキストが入ります,8,土日祝日,テキストが入ります,テキストが入ります,テキストが入ります,テキストが入ります,7,テキストが入ります,PHP実務経験10年,未経験者歓迎,株式会社xxx39,1800,400,2,テキストが入ります,テキストが入ります,テキストが入ります,テキストが入ります,https://placehold.jp/728x90.png?text=詳細画像40,<p>hoge</p>,,2017/10/20
xxx40,高知県,南国市,ダミー,医療・福祉,コンサルタント職,不動産,490,590,400,1300,2017/10/31,単発（日単位）,嘱託社員,医療・福祉,医療・福祉,FALSE,FALSE,TRUE,TRUE,FALSE,TRUE,未経験者歓迎！！詳細はこちら40,FALSE,https://placehold.jp/728x109.png?text=一覧掲載画像,簡単なお仕事,https://placehold.jp/728x109.png?text=詳細掲載画像,テキストが入ります,テキストが入ります,8,土日祝日,テキストが入ります,テキストが入ります,テキストが入ります,テキストが入ります,8,テキストが入ります,PHP実務経験10年,未経験者歓迎,株式会社xxx40,1700,10,1,テキストが入ります,テキストが入ります,テキストが入ります,テキストが入ります,https://placehold.jp/728x90.png?text=詳細画像41,<p>hoge</p>,,2017/10/20
xxx41,高知県,室戸市,ダミー,建設・不動産業,コンサルタント職,士業,500,600,410,1000,2017/11/1,短期（5ヶ月未満）,請負・委託,建設・不動産業,建設・不動産業,TRUE,FALSE,TRUE,FALSE,TRUE,FALSE,未経験者歓迎！！詳細はこちら41,TRUE,https://placehold.jp/728x90.png?text=一覧掲載画像,簡単なお仕事,https://placehold.jp/728x90.png?text=詳細掲載画像,テキストが入ります,テキストが入ります,8,土日祝日,テキストが入ります,テキストが入ります,テキストが入ります,テキストが入ります,9,テキストが入ります,PHP実務経験10年,未経験者歓迎,株式会社xxx41,1921,10000,23,テキストが入ります,テキストが入ります,テキストが入ります,テキストが入ります,https://placehold.jp/728x90.png?text=詳細画像42,<p>hoge</p>,,2017/10/20
xxx42,高知県,安芸市,ダミー,IT・通信業,販売・サービス職,店舗開発,510,610,420,1100,2017/11/2,長期（5ヶ月以上）,パート・アルバイト,IT・通信業,IT・通信業,FALSE,TRUE,TRUE,TRUE,FALSE,TRUE,未経験者歓迎！！詳細はこちら42,TRUE,https://placehold.jp/728x91.png?text=一覧掲載画像,簡単なお仕事,https://placehold.jp/728x91.png?text=詳細掲載画像,テキストが入ります,テキストが入ります,8,土日祝日,テキストが入ります,テキストが入ります,テキストが入ります,テキストが入ります,10,テキストが入ります,PHP実務経験10年,未経験者歓迎,株式会社xxx42,1967,20000,65,テキストが入ります,テキストが入ります,テキストが入ります,テキストが入ります,https://placehold.jp/728x90.png?text=詳細画像43,<p>hoge</p>,,2017/10/20
xxx43,高知県,香南市,ダミー,サービス業,販売・サービス職,販売,520,620,430,1200,2017/11/3,単発（日単位）,派遣,サービス業,サービス業,FALSE,FALSE,FALSE,FALSE,TRUE,FALSE,未経験者歓迎！！詳細はこちら43,FALSE,https://placehold.jp/728x92.png?text=一覧掲載画像,簡単なお仕事,https://placehold.jp/728x92.png?text=詳細掲載画像,テキストが入ります,テキストが入ります,8,土日祝日,テキストが入ります,テキストが入ります,テキストが入ります,テキストが入ります,5,テキストが入ります,PHP実務経験10年,未経験者歓迎,株式会社xxx43,1990,300,78,テキストが入ります,テキストが入ります,テキストが入ります,テキストが入ります,https://placehold.jp/728x90.png?text=詳細画像44,<p>hoge</p>,,2017/10/20
xxx44,高知県,香美市,ダミー,官公庁・財)・社)・公団・学校法人,販売・サービス職,運輸/物流,530,630,440,1300,2017/11/4,短期（5ヶ月未満）,紹介予定派遣,官公庁・財)・社)・公団・学校法人,官公庁・財)・社)・公団・学校法人,TRUE,TRUE,FALSE,FALSE,FALSE,FALSE,未経験者歓迎！！詳細はこちら44,TRUE,https://placehold.jp/728x93.png?text=一覧掲載画像,簡単なお仕事,https://placehold.jp/728x93.png?text=詳細掲載画像,テキストが入ります,テキストが入ります,8,土日祝日,テキストが入ります,テキストが入ります,テキストが入ります,テキストが入ります,6,テキストが入ります,PHP実務経験10年,未経験者歓迎,株式会社xxx44,1980,400,242,テキストが入ります,テキストが入ります,テキストが入ります,テキストが入ります,https://placehold.jp/728x90.png?text=詳細画像45,<p>hoge</p>,,2017/10/20
xxx45,高知県,芸西村,ダミー,農林・水産業・六次産業,販売・サービス職,旅行,540,640,450,1000,2017/11/5,長期（5ヶ月以上）,正社員,農林・水産業・六次産業,農林・水産業・六次産業,TRUE,FALSE,TRUE,TRUE,TRUE,FALSE,未経験者歓迎！！詳細はこちら45,FALSE,https://placehold.jp/728x94.png?text=一覧掲載画像,簡単なお仕事,https://placehold.jp/728x94.png?text=詳細掲載画像,テキストが入ります,テキストが入ります,8,土日祝日,テキストが入ります,テキストが入ります,テキストが入ります,テキストが入ります,7,テキストが入ります,PHP実務経験10年,未経験者歓迎,株式会社xxx45,1800,10,56,テキストが入ります,テキストが入ります,テキストが入ります,テキストが入ります,https://placehold.jp/728x90.png?text=詳細画像46,<p>hoge</p>,,2017/10/20
xxx46,高知県,東洋町,ダミー,製造業(素材、化学、医薬、食品),販売・サービス職,教育,550,650,460,1100,2017/11/6,単発（日単位）,契約社員,製造業(素材、化学、医薬、食品),製造業(素材、化学、医薬、食品),FALSE,FALSE,FALSE,TRUE,FALSE,TRUE,未経験者歓迎！！詳細はこちら46,FALSE,https://placehold.jp/728x95.png?text=一覧掲載画像,簡単なお仕事,https://placehold.jp/728x95.png?text=詳細掲載画像,テキストが入ります,テキストが入ります,8,土日祝日,テキストが入ります,テキストが入ります,テキストが入ります,テキストが入ります,8,テキストが入ります,PHP実務経験10年,未経験者歓迎,株式会社xxx46,1700,10000,2333,テキストが入ります,テキストが入ります,テキストが入ります,テキストが入ります,https://placehold.jp/728x90.png?text=詳細画像47,<p>hoge</p>,,2017/10/20
xxx47,高知県,奈半利町,ダミー,製造業(電気・電子、機械・機器、パルプ、鉄鋼、金属、他),医療・福祉職,医師,560,660,470,1200,2017/11/7,短期（5ヶ月未満）,嘱託社員,製造業(電気・電子、機械・機器、パルプ、鉄鋼、金属、他),製造業(電気・電子、機械・機器、パルプ、鉄鋼、金属、他),FALSE,TRUE,TRUE,FALSE,TRUE,FALSE,未経験者歓迎！！詳細はこちら47,FALSE,https://placehold.jp/728x96.png?text=一覧掲載画像,簡単なお仕事,https://placehold.jp/728x96.png?text=詳細掲載画像,テキストが入ります,テキストが入ります,8,土日祝日,テキストが入ります,テキストが入ります,テキストが入ります,テキストが入ります,9,テキストが入ります,PHP実務経験10年,未経験者歓迎,株式会社xxx47,1921,20000,65,テキストが入ります,テキストが入ります,テキストが入ります,テキストが入ります,https://placehold.jp/728x90.png?text=詳細画像48,<p>hoge</p>,,2017/10/20
xxx48,高知県,田野町,ダミー,運輸、エネルギー,医療・福祉職,看護師,570,670,480,1300,2017/11/8,長期（5ヶ月以上）,派遣,運輸、エネルギー,運輸、エネルギー,TRUE,TRUE,FALSE,FALSE,FALSE,TRUE,未経験者歓迎！！詳細はこちら48,FALSE,https://placehold.jp/728x97.png?text=一覧掲載画像,簡単なお仕事,https://placehold.jp/728x97.png?text=詳細掲載画像,テキストが入ります,テキストが入ります,8,土日祝日,テキストが入ります,テキストが入ります,テキストが入ります,テキストが入ります,10,テキストが入ります,PHP実務経験10年,未経験者歓迎,株式会社xxx48,1967,300,65,テキストが入ります,テキストが入ります,テキストが入ります,テキストが入ります,https://placehold.jp/728x90.png?text=詳細画像49,<p>hoge</p>,,2017/10/20
xxx49,高知県,安田町,ダミー,流通業,医療・福祉職,薬剤師,580,680,490,1000,2017/11/9,単発（日単位）,紹介予定派遣,流通業,流通業,FALSE,FALSE,FALSE,TRUE,FALSE,FALSE,未経験者歓迎！！詳細はこちら49,TRUE,https://placehold.jp/728x98.png?text=一覧掲載画像,簡単なお仕事,https://placehold.jp/728x98.png?text=詳細掲載画像,テキストが入ります,テキストが入ります,8,土日祝日,テキストが入ります,テキストが入ります,テキストが入ります,テキストが入ります,5,テキストが入ります,PHP実務経験10年,未経験者歓迎,株式会社xxx49,1990,400,100,テキストが入ります,テキストが入ります,テキストが入ります,テキストが入ります,https://placehold.jp/728x90.png?text=詳細画像50,<p>hoge</p>,,2017/10/20
xxx50,高知県,北川村,ダミー,金融業,医療・福祉職,福祉,590,690,500,1100,2017/11/10,短期（2ヶ月未満）,正社員,金融業,金融業,FALSE,FALSE,TRUE,FALSE,TRUE,FALSE,未経験者歓迎！！詳細はこちら50,TRUE,https://placehold.jp/728x99.png?text=一覧掲載画像,簡単なお仕事,https://placehold.jp/728x99.png?text=詳細掲載画像,テキストが入ります,テキストが入ります,8,土日祝日,テキストが入ります,テキストが入ります,テキストが入ります,テキストが入ります,6,テキストが入ります,PHP実務経験10年,未経験者歓迎,株式会社xxx50,1980,10,12,テキストが入ります,テキストが入ります,テキストが入ります,テキストが入ります,https://placehold.jp/728x90.png?text=詳細画像51,<p>hoge</p>,,2017/10/20
xxx51,高知県,馬路村,ダミー,医療・福祉,その他,その他,100,200,10,1000,2017/10/20,長期（2ヶ月以上）,派遣,医療・福祉,医療・福祉,TRUE,TRUE,FALSE,TRUE,FALSE,FALSE,未経験者歓迎！！詳細はこちら51,FALSE,https://placehold.jp/728x100.png?text=一覧掲載画像,簡単なお仕事,https://placehold.jp/728x100.png?text=詳細掲載画像,テキストが入ります,テキストが入ります,8,土日祝日,テキストが入ります,テキストが入ります,テキストが入ります,テキストが入ります,7,テキストが入ります,PHP実務経験10年,未経験者歓迎,株式会社xxx51,1800,10000,12,テキストが入ります,テキストが入ります,テキストが入ります,テキストが入ります,https://placehold.jp/728x90.png?text=詳細画像52,<p>hoge</p>,,2017/10/20
xxx52,高知県,本山町,ダミー,建設・不動産業,エンジニア(電気・電子),回路設計/開発,110,210,20,1100,2017/10/21,単発（日単位）,紹介予定派遣,建設・不動産業,建設・不動産業,FALSE,FALSE,TRUE,FALSE,TRUE,TRUE,未経験者歓迎！！詳細はこちら52,TRUE,https://placehold.jp/728x101.png?text=一覧掲載画像,簡単なお仕事,https://placehold.jp/728x101.png?text=詳細掲載画像,テキストが入ります,テキストが入ります,8,土日祝日,テキストが入ります,テキストが入ります,テキストが入ります,テキストが入ります,8,テキストが入ります,PHP実務経験10年,未経験者歓迎,株式会社xxx52,1700,20000,34,テキストが入ります,テキストが入ります,テキストが入ります,テキストが入ります,https://placehold.jp/728x90.png?text=詳細画像53,<p>hoge</p>,2017/10/20,2017/10/20
xxx53,高知県,大豊町,ダミー,IT・通信業,エンジニア(電気・電子),生産技術,120,220,30,1200,2017/10/22,短期（2ヶ月未満）,正社員,IT・通信業,IT・通信業,TRUE,FALSE,TRUE,FALSE,TRUE,FALSE,未経験者歓迎！！詳細はこちら53,FALSE,https://placehold.jp/728x102.png?text=一覧掲載画像,簡単なお仕事,https://placehold.jp/728x102.png?text=詳細掲載画像,テキストが入ります,テキストが入ります,8,土日祝日,テキストが入ります,テキストが入ります,テキストが入ります,テキストが入ります,9,テキストが入ります,PHP実務経験10年,未経験者歓迎,株式会社xxx53,1921,300,54,テキストが入ります,テキストが入ります,テキストが入ります,テキストが入ります,https://placehold.jp/728x90.png?text=詳細画像54,<p>hoge</p>,,2017/10/20
xxx54,高知県,土佐町,ダミー,サービス業,エンジニア(電気・電子),品質管理,130,230,40,1300,2017/10/23,長期（2ヶ月以上）,契約社員,サービス業,サービス業,FALSE,FALSE,TRUE,TRUE,TRUE,TRUE,未経験者歓迎！！詳細はこちら54,FALSE,https://placehold.jp/728x103.png?text=一覧掲載画像,簡単なお仕事,https://placehold.jp/728x103.png?text=詳細掲載画像,テキストが入ります,テキストが入ります,8,土日祝日,テキストが入ります,テキストが入ります,テキストが入ります,テキストが入ります,10,テキストが入ります,PHP実務経験10年,未経験者歓迎,株式会社xxx54,1967,400,6,テキストが入ります,テキストが入ります,テキストが入ります,テキストが入ります,https://placehold.jp/728x90.png?text=詳細画像55,<p>hoge</p>,,2017/10/20
xxx55,高知県,大川村,ダミー,官公庁・財)・社)・公団・学校法人,エンジニア(機械・機器),機械設計/開発,140,240,50,1000,2017/10/24,単発（日単位）,嘱託社員,官公庁・財)・社)・公団・学校法人,官公庁・財)・社)・公団・学校法人,FALSE,TRUE,FALSE,FALSE,FALSE,FALSE,未経験者歓迎！！詳細はこちら55,FALSE,https://placehold.jp/728x104.png?text=一覧掲載画像,簡単なお仕事,https://placehold.jp/728x104.png?text=詳細掲載画像,テキストが入ります,テキストが入ります,8,土日祝日,テキストが入ります,テキストが入ります,テキストが入ります,テキストが入ります,5,テキストが入ります,PHP実務経験10年,未経験者歓迎,株式会社xxx55,1990,10,2,テキストが入ります,テキストが入ります,テキストが入ります,テキストが入ります,https://placehold.jp/728x90.png?text=詳細画像56,<p>hoge</p>,,2017/10/20
xxx56,高知県,須崎市,ダミー,農林・水産業・六次産業,エンジニア(機械・機器),生産技術,150,250,60,1100,2017/10/25,短期（2ヶ月未満）,請負・委託,農林・水産業・六次産業,農林・水産業・六次産業,TRUE,FALSE,FALSE,TRUE,FALSE,FALSE,未経験者歓迎！！詳細はこちら56,FALSE,https://placehold.jp/728x105.png?text=一覧掲載画像,簡単なお仕事,https://placehold.jp/728x105.png?text=詳細掲載画像,テキストが入ります,テキストが入ります,8,土日祝日,テキストが入ります,テキストが入ります,テキストが入ります,テキストが入ります,6,テキストが入ります,PHP実務経験10年,未経験者歓迎,株式会社xxx56,1980,10000,1,テキストが入ります,テキストが入ります,テキストが入ります,テキストが入ります,https://placehold.jp/728x90.png?text=詳細画像57,<p>hoge</p>,,2017/10/20
xxx57,高知県,宿毛市,ダミー,製造業(素材、化学、医薬、食品),エンジニア(機械・機器),品質管理,160,260,70,1200,2017/10/26,長期（2ヶ月以上）,パート・アルバイト,製造業(素材、化学、医薬、食品),製造業(素材、化学、医薬、食品),TRUE,TRUE,TRUE,FALSE,TRUE,FALSE,未経験者歓迎！！詳細はこちら57,TRUE,https://placehold.jp/728x106.png?text=一覧掲載画像,簡単なお仕事,https://placehold.jp/728x106.png?text=詳細掲載画像,テキストが入ります,テキストが入ります,8,土日祝日,テキストが入ります,テキストが入ります,テキストが入ります,テキストが入ります,7,テキストが入ります,PHP実務経験10年,未経験者歓迎,株式会社xxx57,1800,20000,23,テキストが入ります,テキストが入ります,テキストが入ります,テキストが入ります,https://placehold.jp/728x90.png?text=詳細画像58,<p>hoge</p>,,2017/10/20
xxx58,高知県,土佐清水市,ダミー,製造業(電気・電子、機械・機器、パルプ、鉄鋼、金属、他),エンジニア(建築・土木・プラント・設備),設計/デザイン,170,270,80,1300,2017/10/27,単発（日単位）,派遣,製造業(電気・電子、機械・機器、パルプ、鉄鋼、金属、他),製造業(電気・電子、機械・機器、パルプ、鉄鋼、金属、他),FALSE,FALSE,FALSE,FALSE,FALSE,TRUE,未経験者歓迎！！詳細はこちら58,TRUE,https://placehold.jp/728x107.png?text=一覧掲載画像,簡単なお仕事,https://placehold.jp/728x107.png?text=詳細掲載画像,テキストが入ります,テキストが入ります,8,土日祝日,テキストが入ります,テキストが入ります,テキストが入ります,テキストが入ります,8,テキストが入ります,PHP実務経験10年,未経験者歓迎,株式会社xxx58,1700,300,65,テキストが入ります,テキストが入ります,テキストが入ります,テキストが入ります,https://placehold.jp/728x90.png?text=詳細画像59,<p>hoge</p>,,2017/10/20
xxx59,高知県,四万十市,ダミー,運輸、エネルギー,エンジニア(建築・土木・プラント・設備),技術開発/部材開発,180,280,90,1000,2017/10/28,短期（2ヶ月未満）,紹介予定派遣,運輸、エネルギー,運輸、エネルギー,FALSE,FALSE,TRUE,TRUE,TRUE,FALSE,未経験者歓迎！！詳細はこちら59,FALSE,https://placehold.jp/728x108.png?text=一覧掲載画像,簡単なお仕事,https://placehold.jp/728x108.png?text=詳細掲載画像,テキストが入ります,テキストが入ります,8,土日祝日,テキストが入ります,テキストが入ります,テキストが入ります,テキストが入ります,9,テキストが入ります,PHP実務経験10年,未経験者歓迎,株式会社xxx59,1921,400,78,テキストが入ります,テキストが入ります,テキストが入ります,テキストが入ります,https://placehold.jp/728x90.png?text=詳細画像60,<p>hoge</p>,,2017/10/20
xxx60,高知県,津野町,ダミー,流通業,エンジニア(建築・土木・プラント・設備),施工管理,190,290,100,1100,2017/10/29,長期（2ヶ月以上）,正社員,流通業,流通業,TRUE,TRUE,FALSE,TRUE,FALSE,TRUE,未経験者歓迎！！詳細はこちら60,TRUE,https://placehold.jp/728x109.png?text=一覧掲載画像,簡単なお仕事,https://placehold.jp/728x109.png?text=詳細掲載画像,テキストが入ります,テキストが入ります,8,土日祝日,テキストが入ります,テキストが入ります,テキストが入ります,テキストが入ります,10,テキストが入ります,PHP実務経験10年,未経験者歓迎,株式会社xxx60,1967,10,242,テキストが入ります,テキストが入ります,テキストが入ります,テキストが入ります,https://placehold.jp/728x90.png?text=詳細画像61,<p>hoge</p>,,2017/10/20
xxx61,高知県,四万十町,ダミー,金融業,エンジニア(建築・土木・プラント・設備),現場監督,200,300,110,1200,2017/10/30,単発（日単位）,契約社員,金融業,金融業,FALSE,TRUE,FALSE,FALSE,TRUE,FALSE,未経験者歓迎！！詳細はこちら61,FALSE,https://placehold.jp/728x90.png?text=一覧掲載画像,簡単なお仕事,https://placehold.jp/728x90.png?text=詳細掲載画像,テキストが入ります,テキストが入ります,8,土日祝日,テキストが入ります,テキストが入ります,テキストが入ります,テキストが入ります,5,テキストが入ります,PHP実務経験10年,未経験者歓迎,株式会社xxx61,1990,10000,56,テキストが入ります,テキストが入ります,テキストが入ります,テキストが入ります,https://placehold.jp/728x90.png?text=詳細画像62,<p>hoge</p>,,2017/10/20
xxx62,高知県,大月町,ダミー,医療・福祉,エンジニア(建築・土木・プラント・設備),設備保守,210,310,120,1300,2017/10/31,短期（3ヶ月未満）,嘱託社員,医療・福祉,医療・福祉,FALSE,FALSE,TRUE,FALSE,FALSE,FALSE,未経験者歓迎！！詳細はこちら62,FALSE,https://placehold.jp/728x91.png?text=一覧掲載画像,簡単なお仕事,https://placehold.jp/728x91.png?text=詳細掲載画像,テキストが入ります,テキストが入ります,8,土日祝日,テキストが入ります,テキストが入ります,テキストが入ります,テキストが入ります,6,テキストが入ります,PHP実務経験10年,未経験者歓迎,株式会社xxx62,1980,20000,2333,テキストが入ります,テキストが入ります,テキストが入ります,テキストが入ります,https://placehold.jp/728x90.png?text=詳細画像63,<p>hoge</p>,,2017/10/20
xxx63,高知県,三原村,ダミー,建設・不動産業,エンジニア(素材・化学・医薬・食品),臨床開発,220,320,130,1000,2017/11/1,長期（3ヶ月以上）,請負・委託,建設・不動産業,建設・不動産業,TRUE,FALSE,FALSE,TRUE,TRUE,FALSE,未経験者歓迎！！詳細はこちら63,FALSE,https://placehold.jp/728x92.png?text=一覧掲載画像,簡単なお仕事,https://placehold.jp/728x92.png?text=詳細掲載画像,テキストが入ります,テキストが入ります,8,土日祝日,テキストが入ります,テキストが入ります,テキストが入ります,テキストが入ります,7,テキストが入ります,PHP実務経験10年,未経験者歓迎,株式会社xxx63,1800,300,65,テキストが入ります,テキストが入ります,テキストが入ります,テキストが入ります,https://placehold.jp/728x90.png?text=詳細画像64,<p>hoge</p>,,2017/10/20
xxx64,高知県,黒潮町,ダミー,IT・通信業,エンジニア(素材・化学・医薬・食品),研究/開発,230,330,140,1100,2017/11/2,単発（日単位）,パート・アルバイト,IT・通信業,IT・通信業,FALSE,TRUE,TRUE,FALSE,FALSE,TRUE,未経験者歓迎！！詳細はこちら64,FALSE,https://placehold.jp/728x93.png?text=一覧掲載画像,簡単なお仕事,https://placehold.jp/728x93.png?text=詳細掲載画像,テキストが入ります,テキストが入ります,8,土日祝日,テキストが入ります,テキストが入ります,テキストが入ります,テキストが入ります,8,テキストが入ります,PHP実務経験10年,未経験者歓迎,株式会社xxx64,1700,400,65,テキストが入ります,テキストが入ります,テキストが入ります,テキストが入ります,https://placehold.jp/728x90.png?text=詳細画像65,<p>hoge</p>,,2017/10/20
xxx65,高知県,梼原町,ダミー,サービス業,エンジニア(素材・化学・医薬・食品),品質管理,240,340,150,1200,2017/11/3,短期（3ヶ月未満）,派遣,サービス業,サービス業,TRUE,FALSE,TRUE,TRUE,FALSE,FALSE,未経験者歓迎！！詳細はこちら65,TRUE,https://placehold.jp/728x94.png?text=一覧掲載画像,簡単なお仕事,https://placehold.jp/728x94.png?text=詳細掲載画像,テキストが入ります,テキストが入ります,8,土日祝日,テキストが入ります,テキストが入ります,テキストが入ります,テキストが入ります,9,テキストが入ります,PHP実務経験10年,未経験者歓迎,株式会社xxx65,1921,10,100,テキストが入ります,テキストが入ります,テキストが入ります,テキストが入ります,https://placehold.jp/728x90.png?text=詳細画像66,<p>hoge</p>,,2017/10/20
xxx66,高知県,いの町,ダミー,官公庁・財)・社)・公団・学校法人,エンジニア(素材・化学・医薬・食品),分析/評価,250,350,160,1300,2017/11/4,長期（3ヶ月以上）,紹介予定派遣,官公庁・財)・社)・公団・学校法人,官公庁・財)・社)・公団・学校法人,FALSE,FALSE,TRUE,FALSE,TRUE,TRUE,未経験者歓迎！！詳細はこちら66,TRUE,https://placehold.jp/728x95.png?text=一覧掲載画像,簡単なお仕事,https://placehold.jp/728x95.png?text=詳細掲載画像,テキストが入ります,テキストが入ります,8,土日祝日,テキストが入ります,テキストが入ります,テキストが入ります,テキストが入ります,10,テキストが入ります,PHP実務経験10年,未経験者歓迎,株式会社xxx66,1967,10000,12,テキストが入ります,テキストが入ります,テキストが入ります,テキストが入ります,https://placehold.jp/728x90.png?text=詳細画像67,<p>hoge</p>,,2017/10/20
xxx67,高知県,仁淀川町,ダミー,農林・水産業・六次産業,エンジニア(IT/通信),ITコンサルタント,260,360,170,1000,2017/11/5,単発（日単位）,正社員,農林・水産業・六次産業,農林・水産業・六次産業,FALSE,FALSE,FALSE,FALSE,FALSE,FALSE,未経験者歓迎！！詳細はこちら67,FALSE,https://placehold.jp/728x96.png?text=一覧掲載画像,簡単なお仕事,https://placehold.jp/728x96.png?text=詳細掲載画像,テキストが入ります,テキストが入ります,8,土日祝日,テキストが入ります,テキストが入ります,テキストが入ります,テキストが入ります,5,テキストが入ります,PHP実務経験10年,未経験者歓迎,株式会社xxx67,1990,20000,12,テキストが入ります,テキストが入ります,テキストが入ります,テキストが入ります,https://placehold.jp/728x90.png?text=詳細画像68,<p>hoge</p>,2017/10/20,2017/10/20
xxx68,高知県,中土佐町,ダミー,製造業(素材、化学、医薬、食品),エンジニア(IT/通信),SE,270,370,180,1100,2017/11/6,短期（3ヶ月未満）,契約社員,製造業(素材、化学、医薬、食品),製造業(素材、化学、医薬、食品),TRUE,TRUE,FALSE,TRUE,TRUE,FALSE,未経験者歓迎！！詳細はこちら68,TRUE,https://placehold.jp/728x97.png?text=一覧掲載画像,簡単なお仕事,https://placehold.jp/728x97.png?text=詳細掲載画像,テキストが入ります,テキストが入ります,8,土日祝日,テキストが入ります,テキストが入ります,テキストが入ります,テキストが入ります,6,テキストが入ります,PHP実務経験10年,未経験者歓迎,株式会社xxx68,1980,300,34,テキストが入ります,テキストが入ります,テキストが入ります,テキストが入ります,https://placehold.jp/728x90.png?text=詳細画像69,<p>hoge</p>,,2017/10/20
xxx69,高知県,佐川町,ダミー,製造業(電気・電子、機械・機器、パルプ、鉄鋼、金属、他),エンジニア(IT/通信),アプリケーション開発,280,380,190,1200,2017/11/7,長期（3ヶ月以上）,嘱託社員,製造業(電気・電子、機械・機器、パルプ、鉄鋼、金属、他),製造業(電気・電子、機械・機器、パルプ、鉄鋼、金属、他),TRUE,FALSE,TRUE,FALSE,TRUE,FALSE,未経験者歓迎！！詳細はこちら69,FALSE,https://placehold.jp/728x98.png?text=一覧掲載画像,簡単なお仕事,https://placehold.jp/728x98.png?text=詳細掲載画像,テキストが入ります,テキストが入ります,8,土日祝日,テキストが入ります,テキストが入ります,テキストが入ります,テキストが入ります,7,テキストが入ります,PHP実務経験10年,未経験者歓迎,株式会社xxx69,1800,400,54,テキストが入ります,テキストが入ります,テキストが入ります,テキストが入ります,https://placehold.jp/728x90.png?text=詳細画像70,<p>hoge</p>,,2017/10/20
xxx70,高知県,越知町,ダミー,運輸、エネルギー,クリエイティブ・クリエイター,Web/モバイル,290,390,200,1300,2017/11/8,単発（日単位）,請負・委託,運輸、エネルギー,運輸、エネルギー,FALSE,TRUE,FALSE,TRUE,TRUE,TRUE,未経験者歓迎！！詳細はこちら70,FALSE,https://placehold.jp/728x99.png?text=一覧掲載画像,簡単なお仕事,https://placehold.jp/728x99.png?text=詳細掲載画像,テキストが入ります,テキストが入ります,8,土日祝日,テキストが入ります,テキストが入ります,テキストが入ります,テキストが入ります,8,テキストが入ります,PHP実務経験10年,未経験者歓迎,株式会社xxx70,1700,10,6,テキストが入ります,テキストが入ります,テキストが入ります,テキストが入ります,https://placehold.jp/728x90.png?text=詳細画像71,<p>hoge</p>,,2017/10/20
xxx71,高知県,日高村,ダミー,流通業,クリエイティブ・クリエイター,編集,300,400,210,1000,2017/11/9,短期（3ヶ月未満）,パート・アルバイト,流通業,流通業,FALSE,FALSE,TRUE,FALSE,FALSE,FALSE,未経験者歓迎！！詳細はこちら71,FALSE,https://placehold.jp/728x100.png?text=一覧掲載画像,簡単なお仕事,https://placehold.jp/728x100.png?text=詳細掲載画像,テキストが入ります,テキストが入ります,8,土日祝日,テキストが入ります,テキストが入ります,テキストが入ります,テキストが入ります,9,テキストが入ります,PHP実務経験10年,未経験者歓迎,株式会社xxx71,1921,10000,2,テキストが入ります,テキストが入ります,テキストが入ります,テキストが入ります,https://placehold.jp/728x90.png?text=詳細画像72,<p>hoge</p>,,2017/10/20
xxx72,徳島県,徳島市,ダミー,金融業,クリエイティブ・クリエイター,印刷,310,410,220,1100,2017/11/10,長期（3ヶ月以上）,派遣,金融業,金融業,TRUE,FALSE,FALSE,FALSE,FALSE,TRUE,未経験者歓迎！！詳細はこちら72,FALSE,https://placehold.jp/728x101.png?text=一覧掲載画像,簡単なお仕事,https://placehold.jp/728x101.png?text=詳細掲載画像,テキストが入ります,テキストが入ります,8,土日祝日,テキストが入ります,テキストが入ります,テキストが入ります,テキストが入ります,10,テキストが入ります,PHP実務経験10年,未経験者歓迎,株式会社xxx72,1967,20000,1,テキストが入ります,テキストが入ります,テキストが入ります,テキストが入ります,https://placehold.jp/728x90.png?text=詳細画像73,<p>hoge</p>,,2017/10/20
xxx73,徳島県,鳴門市,ダミー,医療・福祉,クリエイティブ・クリエイター,映像,320,420,230,1200,2017/11/11,単発（日単位）,紹介予定派遣,医療・福祉,医療・福祉,FALSE,TRUE,FALSE,TRUE,TRUE,FALSE,未経験者歓迎！！詳細はこちら73,TRUE,https://placehold.jp/728x102.png?text=一覧掲載画像,簡単なお仕事,https://placehold.jp/728x102.png?text=詳細掲載画像,テキストが入ります,テキストが入ります,8,土日祝日,テキストが入ります,テキストが入ります,テキストが入ります,テキストが入ります,9,テキストが入ります,PHP実務経験10年,未経験者歓迎,株式会社xxx73,1990,300,23,テキストが入ります,テキストが入ります,テキストが入ります,テキストが入ります,https://placehold.jp/728x90.png?text=詳細画像74,<p>hoge</p>,,2017/10/20
xxx74,徳島県,吉野川市,ダミー,建設・不動産業,企画・管理職,経理/財務,330,430,240,1300,2017/11/12,短期（4ヶ月未満）,正社員,建設・不動産業,建設・不動産業,FALSE,TRUE,TRUE,TRUE,FALSE,FALSE,未経験者歓迎！！詳細はこちら74,TRUE,https://placehold.jp/728x103.png?text=一覧掲載画像,簡単なお仕事,https://placehold.jp/728x103.png?text=詳細掲載画像,テキストが入ります,テキストが入ります,8,土日祝日,テキストが入ります,テキストが入ります,テキストが入ります,テキストが入ります,10,テキストが入ります,PHP実務経験10年,未経験者歓迎,株式会社xxx74,1980,400,65,テキストが入ります,テキストが入ります,テキストが入ります,テキストが入ります,https://placehold.jp/728x90.png?text=詳細画像75,<p>hoge</p>,,2017/10/20
xxx75,徳島県,阿波市,ダミー,IT・通信業,企画・管理職,総務/人事/法務,340,440,250,1000,2017/11/13,長期（4ヶ月以上）,契約社員,IT・通信業,IT・通信業,TRUE,FALSE,FALSE,FALSE,TRUE,FALSE,未経験者歓迎！！詳細はこちら75,FALSE,https://placehold.jp/728x104.png?text=一覧掲載画像,簡単なお仕事,https://placehold.jp/728x104.png?text=詳細掲載画像,テキストが入ります,テキストが入ります,8,土日祝日,テキストが入ります,テキストが入ります,テキストが入ります,テキストが入ります,5,テキストが入ります,PHP実務経験10年,未経験者歓迎,株式会社xxx75,1800,10,78,テキストが入ります,テキストが入ります,テキストが入ります,テキストが入ります,https://placehold.jp/728x90.png?text=詳細画像76,<p>hoge</p>,,2017/10/20
xxx76,徳島県,美馬市,ダミー,サービス業,企画・管理職,マーケティング,350,450,260,1100,2017/11/14,単発（日単位）,嘱託社員,サービス業,サービス業,FALSE,FALSE,TRUE,FALSE,FALSE,TRUE,未経験者歓迎！！詳細はこちら76,TRUE,https://placehold.jp/728x105.png?text=一覧掲載画像,簡単なお仕事,https://placehold.jp/728x105.png?text=詳細掲載画像,テキストが入ります,テキストが入ります,8,土日祝日,テキストが入ります,テキストが入ります,テキストが入ります,テキストが入ります,6,テキストが入ります,PHP実務経験10年,未経験者歓迎,株式会社xxx76,1700,10000,242,テキストが入ります,テキストが入ります,テキストが入ります,テキストが入ります,https://placehold.jp/728x90.png?text=詳細画像77,<p>hoge</p>,,2017/10/20
xxx77,徳島県,三好市,ダミー,官公庁・財)・社)・公団・学校法人,企画・管理職,購買,360,460,270,1200,2017/11/15,短期（4ヶ月未満）,請負・委託,官公庁・財)・社)・公団・学校法人,官公庁・財)・社)・公団・学校法人,TRUE,TRUE,TRUE,TRUE,TRUE,FALSE,未経験者歓迎！！詳細はこちら77,FALSE,https://placehold.jp/728x106.png?text=一覧掲載画像,簡単なお仕事,https://placehold.jp/728x106.png?text=詳細掲載画像,テキストが入ります,テキストが入ります,8,土日祝日,テキストが入ります,テキストが入ります,テキストが入ります,テキストが入ります,7,テキストが入ります,PHP実務経験10年,未経験者歓迎,株式会社xxx77,1921,20000,56,テキストが入ります,テキストが入ります,テキストが入ります,テキストが入ります,https://placehold.jp/728x90.png?text=詳細画像78,<p>hoge</p>,,2017/10/20
xxx78,徳島県,佐那河内村,ダミー,農林・水産業・六次産業,企画・管理職,物流,370,470,280,1300,2017/11/16,長期（4ヶ月以上）,パート・アルバイト,農林・水産業・六次産業,農林・水産業・六次産業,FALSE,FALSE,TRUE,FALSE,FALSE,TRUE,未経験者歓迎！！詳細はこちら78,FALSE,https://placehold.jp/728x107.png?text=一覧掲載画像,簡単なお仕事,https://placehold.jp/728x107.png?text=詳細掲載画像,テキストが入ります,テキストが入ります,8,土日祝日,テキストが入ります,テキストが入ります,テキストが入ります,テキストが入ります,8,テキストが入ります,PHP実務経験10年,未経験者歓迎,株式会社xxx78,1967,300,2333,テキストが入ります,テキストが入ります,テキストが入ります,テキストが入ります,https://placehold.jp/728x90.png?text=詳細画像79,<p>hoge</p>,,2017/10/20
xxx79,徳島県,石井町,ダミー,製造業(素材、化学、医薬、食品),事務専門職,一般事務,380,480,290,1000,2017/10/20,単発（日単位）,派遣,製造業(素材、化学、医薬、食品),製造業(素材、化学、医薬、食品),FALSE,FALSE,FALSE,TRUE,TRUE,FALSE,未経験者歓迎！！詳細はこちら79,FALSE,https://placehold.jp/728x108.png?text=一覧掲載画像,簡単なお仕事,https://placehold.jp/728x108.png?text=詳細掲載画像,テキストが入ります,テキストが入ります,8,土日祝日,テキストが入ります,テキストが入ります,テキストが入ります,テキストが入ります,9,テキストが入ります,PHP実務経験10年,未経験者歓迎,株式会社xxx79,1990,400,65,テキストが入ります,テキストが入ります,テキストが入ります,テキストが入ります,https://placehold.jp/728x90.png?text=詳細画像80,<p>hoge</p>,,2017/10/20
xxx80,徳島県,神山町,ダミー,製造業(電気・電子、機械・機器、パルプ、鉄鋼、金属、他),事務専門職,営業事務,390,490,300,1100,2017/10/21,短期（4ヶ月未満）,紹介予定派遣,製造業(電気・電子、機械・機器、パルプ、鉄鋼、金属、他),製造業(電気・電子、機械・機器、パルプ、鉄鋼、金属、他),TRUE,FALSE,FALSE,FALSE,FALSE,FALSE,未経験者歓迎！！詳細はこちら80,FALSE,https://placehold.jp/728x109.png?text=一覧掲載画像,簡単なお仕事,https://placehold.jp/728x109.png?text=詳細掲載画像,テキストが入ります,テキストが入ります,8,土日祝日,テキストが入ります,テキストが入ります,テキストが入ります,テキストが入ります,10,テキストが入ります,PHP実務経験10年,未経験者歓迎,株式会社xxx80,1980,10,65,テキストが入ります,テキストが入ります,テキストが入ります,テキストが入ります,https://placehold.jp/728x90.png?text=詳細画像81,<p>hoge</p>,,2017/10/20
xxx81,徳島県,松茂町,ダミー,運輸、エネルギー,事務専門職,総務事務,400,500,310,1200,2017/10/22,長期（4ヶ月以上）,正社員,運輸、エネルギー,運輸、エネルギー,TRUE,TRUE,TRUE,FALSE,FALSE,FALSE,未経験者歓迎！！詳細はこちら81,TRUE,https://placehold.jp/728x90.png?text=一覧掲載画像,簡単なお仕事,https://placehold.jp/728x90.png?text=詳細掲載画像,テキストが入ります,テキストが入ります,8,土日祝日,テキストが入ります,テキストが入ります,テキストが入ります,テキストが入ります,5,テキストが入ります,PHP実務経験10年,未経験者歓迎,株式会社xxx81,1800,10000,100,テキストが入ります,テキストが入ります,テキストが入ります,テキストが入ります,https://placehold.jp/728x90.png?text=詳細画像82,<p>hoge</p>,,2017/10/20
xxx82,徳島県,北島町,ダミー,流通業,事務専門職,経理事務,410,510,320,1300,2017/10/23,単発（日単位）,契約社員,流通業,流通業,FALSE,FALSE,FALSE,TRUE,TRUE,TRUE,未経験者歓迎！！詳細はこちら82,TRUE,https://placehold.jp/728x91.png?text=一覧掲載画像,簡単なお仕事,https://placehold.jp/728x91.png?text=詳細掲載画像,テキストが入ります,テキストが入ります,8,土日祝日,テキストが入ります,テキストが入ります,テキストが入ります,テキストが入ります,6,テキストが入ります,PHP実務経験10年,未経験者歓迎,株式会社xxx82,1700,20000,12,テキストが入ります,テキストが入ります,テキストが入ります,テキストが入ります,https://placehold.jp/728x90.png?text=詳細画像83,<p>hoge</p>,,2017/10/20
xxx83,徳島県,藍住町,ダミー,金融業,事務専門職,貿易事務,420,520,330,1000,2017/10/24,短期（4ヶ月未満）,嘱託社員,金融業,金融業,FALSE,TRUE,TRUE,FALSE,FALSE,FALSE,未経験者歓迎！！詳細はこちら83,FALSE,https://placehold.jp/728x92.png?text=一覧掲載画像,簡単なお仕事,https://placehold.jp/728x92.png?text=詳細掲載画像,テキストが入ります,テキストが入ります,8,土日祝日,テキストが入ります,テキストが入ります,テキストが入ります,テキストが入ります,7,テキストが入ります,PHP実務経験10年,未経験者歓迎,株式会社xxx83,1921,300,12,テキストが入ります,テキストが入ります,テキストが入ります,テキストが入ります,https://placehold.jp/728x90.png?text=詳細画像84,<p>hoge</p>,2017/10/20,2017/10/20
xxx84,徳島県,板野町,ダミー,医療・福祉,事務専門職,金融事務,430,530,340,1100,2017/10/25,長期（4ヶ月以上）,請負・委託,医療・福祉,医療・福祉,TRUE,FALSE,FALSE,TRUE,TRUE,TRUE,未経験者歓迎！！詳細はこちら84,TRUE,https://placehold.jp/728x93.png?text=一覧掲載画像,簡単なお仕事,https://placehold.jp/728x93.png?text=詳細掲載画像,テキストが入ります,テキストが入ります,8,土日祝日,テキストが入ります,テキストが入ります,テキストが入ります,テキストが入ります,8,テキストが入ります,PHP実務経験10年,未経験者歓迎,株式会社xxx84,1967,400,34,テキストが入ります,テキストが入ります,テキストが入ります,テキストが入ります,https://placehold.jp/728x90.png?text=詳細画像85,<p>hoge</p>,,2017/10/20
xxx85,徳島県,上板町,ダミー,建設・不動産業,事務専門職,秘書,440,540,350,1200,2017/10/26,単発（日単位）,パート・アルバイト,建設・不動産業,建設・不動産業,FALSE,FALSE,FALSE,FALSE,TRUE,FALSE,未経験者歓迎！！詳細はこちら85,FALSE,https://placehold.jp/728x94.png?text=一覧掲載画像,簡単なお仕事,https://placehold.jp/728x94.png?text=詳細掲載画像,テキストが入ります,テキストが入ります,8,土日祝日,テキストが入ります,テキストが入ります,テキストが入ります,テキストが入ります,9,テキストが入ります,PHP実務経験10年,未経験者歓迎,株式会社xxx85,1980,10,54,テキストが入ります,テキストが入ります,テキストが入ります,テキストが入ります,https://placehold.jp/728x90.png?text=詳細画像86,<p>hoge</p>,,2017/10/20
xxx86,徳島県,つるぎ町,ダミー,IT・通信業,事務専門職,受付,450,550,360,1300,2017/10/27,短期（5ヶ月未満）,派遣,IT・通信業,IT・通信業,FALSE,TRUE,TRUE,FALSE,TRUE,FALSE,未経験者歓迎！！詳細はこちら86,FALSE,https://placehold.jp/728x95.png?text=一覧掲載画像,簡単なお仕事,https://placehold.jp/728x95.png?text=詳細掲載画像,テキストが入ります,テキストが入ります,8,土日祝日,テキストが入ります,テキストが入ります,テキストが入ります,テキストが入ります,10,テキストが入ります,PHP実務経験10年,未経験者歓迎,株式会社xxx86,1800,10000,6,テキストが入ります,テキストが入ります,テキストが入ります,テキストが入ります,https://placehold.jp/728x90.png?text=詳細画像87,<p>hoge</p>,,2017/10/20
xxx87,徳島県,東みよし市,ダミー,サービス業,事務専門職,通訳/翻訳,460,560,370,1000,2017/10/28,長期（5ヶ月以上）,紹介予定派遣,サービス業,サービス業,TRUE,TRUE,FALSE,TRUE,FALSE,FALSE,未経験者歓迎！！詳細はこちら87,FALSE,https://placehold.jp/728x96.png?text=一覧掲載画像,簡単なお仕事,https://placehold.jp/728x96.png?text=詳細掲載画像,テキストが入ります,テキストが入ります,8,土日祝日,テキストが入ります,テキストが入ります,テキストが入ります,テキストが入ります,9,テキストが入ります,PHP実務経験10年,未経験者歓迎,株式会社xxx87,1700,20000,2,テキストが入ります,テキストが入ります,テキストが入ります,テキストが入ります,https://placehold.jp/728x90.png?text=詳細画像88,<p>hoge</p>,,2017/10/20
xxx88,徳島県,小松島市,ダミー,官公庁・財)・社)・公団・学校法人,営業職,法人,470,570,380,1100,2017/10/29,単発（日単位）,正社員,官公庁・財)・社)・公団・学校法人,官公庁・財)・社)・公団・学校法人,FALSE,FALSE,TRUE,TRUE,FALSE,TRUE,未経験者歓迎！！詳細はこちら88,FALSE,https://placehold.jp/728x97.png?text=一覧掲載画像,簡単なお仕事,https://placehold.jp/728x97.png?text=詳細掲載画像,テキストが入ります,テキストが入ります,8,土日祝日,テキストが入ります,テキストが入ります,テキストが入ります,テキストが入ります,10,テキストが入ります,PHP実務経験10年,未経験者歓迎,株式会社xxx88,1921,300,1,テキストが入ります,テキストが入ります,テキストが入ります,テキストが入ります,https://placehold.jp/728x90.png?text=詳細画像89,<p>hoge</p>,,2017/10/20
xxx89,徳島県,勝浦町,ダミー,農林・水産業・六次産業,営業職,個人,480,580,390,1200,2017/10/30,短期（5ヶ月未満）,契約社員,農林・水産業・六次産業,農林・水産業・六次産業,TRUE,FALSE,TRUE,FALSE,TRUE,FALSE,未経験者歓迎！！詳細はこちら89,TRUE,https://placehold.jp/728x98.png?text=一覧掲載画像,簡単なお仕事,https://placehold.jp/728x98.png?text=詳細掲載画像,テキストが入ります,テキストが入ります,8,土日祝日,テキストが入ります,テキストが入ります,テキストが入ります,テキストが入ります,5,テキストが入ります,PHP実務経験10年,未経験者歓迎,株式会社xxx89,1967,400,23,テキストが入ります,テキストが入ります,テキストが入ります,テキストが入ります,https://placehold.jp/728x90.png?text=詳細画像90,<p>hoge</p>,2017/10/20,2017/10/20
xxx90,徳島県,上勝町,ダミー,製造業(素材、化学、医薬、食品),コンサルタント職,コンサルタント,490,590,400,1300,2017/10/31,長期（5ヶ月以上）,嘱託社員,製造業(素材、化学、医薬、食品),製造業(素材、化学、医薬、食品),FALSE,TRUE,TRUE,TRUE,FALSE,TRUE,未経験者歓迎！！詳細はこちら90,TRUE,https://placehold.jp/728x99.png?text=一覧掲載画像,簡単なお仕事,https://placehold.jp/728x99.png?text=詳細掲載画像,テキストが入ります,テキストが入ります,8,土日祝日,テキストが入ります,テキストが入ります,テキストが入ります,テキストが入ります,6,テキストが入ります,PHP実務経験10年,未経験者歓迎,株式会社xxx90,1990,10,65,テキストが入ります,テキストが入ります,テキストが入ります,テキストが入ります,https://placehold.jp/728x90.png?text=詳細画像91,<p>hoge</p>,,2017/10/20
xxx91,徳島県,那賀町,ダミー,製造業(電気・電子、機械・機器、パルプ、鉄鋼、金属、他),コンサルタント職,不動産,500,600,410,1000,2017/11/1,単発（日単位）,請負・委託,製造業(電気・電子、機械・機器、パルプ、鉄鋼、金属、他),製造業(電気・電子、機械・機器、パルプ、鉄鋼、金属、他),FALSE,FALSE,FALSE,FALSE,TRUE,FALSE,未経験者歓迎！！詳細はこちら91,FALSE,https://placehold.jp/728x100.png?text=一覧掲載画像,簡単なお仕事,https://placehold.jp/728x100.png?text=詳細掲載画像,テキストが入ります,テキストが入ります,8,土日祝日,テキストが入ります,テキストが入ります,テキストが入ります,テキストが入ります,7,テキストが入ります,PHP実務経験10年,未経験者歓迎,株式会社xxx91,1980,10000,78,テキストが入ります,テキストが入ります,テキストが入ります,テキストが入ります,https://placehold.jp/728x90.png?text=詳細画像92,<p>hoge</p>,,2017/10/20
xxx92,徳島県,阿南市,ダミー,運輸、エネルギー,コンサルタント職,士業,510,610,420,1100,2017/11/2,短期（5ヶ月未満）,パート・アルバイト,運輸、エネルギー,運輸、エネルギー,TRUE,FALSE,FALSE,TRUE,FALSE,FALSE,未経験者歓迎！！詳細はこちら92,TRUE,https://placehold.jp/728x101.png?text=一覧掲載画像,簡単なお仕事,https://placehold.jp/728x101.png?text=詳細掲載画像,テキストが入ります,テキストが入ります,8,土日祝日,テキストが入ります,テキストが入ります,テキストが入ります,テキストが入ります,8,テキストが入ります,PHP実務経験10年,未経験者歓迎,株式会社xxx92,1800,20000,242,テキストが入ります,テキストが入ります,テキストが入ります,テキストが入ります,https://placehold.jp/728x90.png?text=詳細画像93,<p>hoge</p>,,2017/10/20
xxx93,徳島県,美波町,ダミー,流通業,販売・サービス職,店舗開発,520,620,430,1200,2017/11/3,長期（5ヶ月以上）,派遣,流通業,流通業,TRUE,FALSE,TRUE,FALSE,TRUE,FALSE,未経験者歓迎！！詳細はこちら93,FALSE,https://placehold.jp/728x102.png?text=一覧掲載画像,簡単なお仕事,https://placehold.jp/728x102.png?text=詳細掲載画像,テキストが入ります,テキストが入ります,8,土日祝日,テキストが入ります,テキストが入ります,テキストが入ります,テキストが入ります,9,テキストが入ります,PHP実務経験10年,未経験者歓迎,株式会社xxx93,1700,300,56,テキストが入ります,テキストが入ります,テキストが入ります,テキストが入ります,https://placehold.jp/728x90.png?text=詳細画像94,<p>hoge</p>,,2017/10/20
xxx94,徳島県,牟岐町,ダミー,金融業,販売・サービス職,販売,530,630,440,1300,2017/11/4,単発（日単位）,紹介予定派遣,金融業,金融業,FALSE,TRUE,FALSE,FALSE,FALSE,TRUE,未経験者歓迎！！詳細はこちら94,FALSE,https://placehold.jp/728x103.png?text=一覧掲載画像,簡単なお仕事,https://placehold.jp/728x103.png?text=詳細掲載画像,テキストが入ります,テキストが入ります,8,土日祝日,テキストが入ります,テキストが入ります,テキストが入ります,テキストが入ります,10,テキストが入ります,PHP実務経験10年,未経験者歓迎,株式会社xxx94,1921,400,2333,テキストが入ります,テキストが入ります,テキストが入ります,テキストが入ります,https://placehold.jp/728x90.png?text=詳細画像95,<p>hoge</p>,,2017/10/20
xxx95,徳島県,海陽町,ダミー,医療・福祉,販売・サービス職,運輸/物流,540,640,450,1000,2017/11/5,短期（5ヶ月未満）,正社員,医療・福祉,医療・福祉,FALSE,FALSE,TRUE,TRUE,TRUE,FALSE,未経験者歓迎！！詳細はこちら95,FALSE,https://placehold.jp/728x104.png?text=一覧掲載画像,簡単なお仕事,https://placehold.jp/728x104.png?text=詳細掲載画像,テキストが入ります,テキストが入ります,8,土日祝日,テキストが入ります,テキストが入ります,テキストが入ります,テキストが入ります,5,テキストが入ります,PHP実務経験10年,未経験者歓迎,株式会社xxx95,1967,10,65,テキストが入ります,テキストが入ります,テキストが入ります,テキストが入ります,https://placehold.jp/728x90.png?text=詳細画像96,<p>hoge</p>,,2017/10/20